{"stats":{"minecraft:custom":{"minecraft:jump":46,"minecraft:time_since_rest":4713,"minecraft:damage_dealt":36,"minecraft:sprint_one_cm":3128,"minecraft:leave_game":3,"minecraft:play_time":4713,"minecraft:damage_taken":175,"minecraft:time_since_death":4713,"minecraft:walk_one_cm":1755,"minecraft:total_world_time":4713,"minecraft:mob_kills":1,"minecraft:drop":2,"minecraft:fall_one_cm":1047,"minecraft:fly_one_cm":8939},"minecraft:picked_up":{"minecraft:wheat_seeds":2},"minecraft:dropped":{"minecraft:wheat_seeds":2},"minecraft:mined":{"minecraft:grass":33}},"DataVersion":3465}